Year,Nominal GDP (million of pounds),Real GDP (millions of 2013 pounds),GDP Deflator (index 2015 = 100),Population (in thousands),Nominal GDP per capita (current pounds),Real GDP per capita (2013 pounds),British Official Price (British pounds per fine ounce end of year),London Market Price (British &pound; [1718-1949] or U.S. $ [1950-2011] per fine ounce),serie_unificada,gbp_usd,gdp_in_gold
1700,82,10674,0.77,6580,12.46,1623,4.35,NA,4.35,NA,18.85057471264368
1701,85,11631,0.73,6610,12.850000000000001,1759,4.35,NA,4.35,NA,19.540229885057474
1702,83,11331,0.73,6660,12.41,1702,4.35,NA,4.35,NA,19.080459770114945
1703,77,10605,0.72,6710,11.42,1581,4.35,NA,4.35,NA,17.70114942528736
1704,93,12625,0.74,6740,13.78,1873,4.35,NA,4.35,NA,21.379310344827587
1705,87,11983,0.72,6750,12.81,1774,4.35,NA,4.35,NA,20
1706,71,10148,0.7,6770,10.51,1498,4.35,NA,4.35,NA,16.32183908045977
1707,79,11401,0.69,6800,11.58,1676,4.35,NA,4.35,NA,18.160919540229887
1708,87,12135,0.71,6830,12.68,1776,4.35,NA,4.35,NA,20
1709,82,10513,0.78,6860,11.950000000000001,1533,4.35,NA,4.35,NA,18.85057471264368
1710,77,9558,0.8,6880,11.16,1389,4.35,NA,4.35,NA,17.70114942528736
1711,78,10422,0.75,6880,11.29,1514,4.35,NA,4.35,NA,17.931034482758623
1712,76,10412,0.73,6880,11.02,1513,4.35,NA,4.35,NA,17.471264367816094
1713,75,9965,0.75,6890,10.81,1445,4.35,NA,4.35,NA,17.24137931034483
1714,83,10962,0.76,6920,11.99,1584,4.35,NA,4.35,NA,19.080459770114945
1715,77,10654,0.73,6930,11.15,1537,4.35,NA,4.35,NA,17.70114942528736
1716,81,11057,0.73,6970,11.55,1585,4.35,NA,4.35,NA,18.620689655172416
1717,86,11680,0.74,7020,12.28,1663,4.25,NA,4.25,NA,20.235294117647058
1718,91,12340,0.73,7070,12.82,1745,4.25,4.31,4.31,NA,21.11368909512761
1719,87,12123,0.72,7120,12.28,1703,4.25,4.26,4.26,NA,20.422535211267608
1720,96,12896,0.75,7100,13.55,1817,4.25,4.31,4.31,NA,22.273781902552205
1721,89,12393,0.71,7100,12.48,1747,4.25,4.26,4.26,NA,20.892018779342724
1722,88,12525,0.7,7100,12.33,1763,4.25,4.25,4.25,NA,20.705882352941178
1723,87,12224,0.72,7130,12.26,1714,4.25,4.26,4.26,NA,20.422535211267608
1724,87,12102,0.72,7160,12.09,1690,4.25,4.25,4.25,NA,20.470588235294116
1725,91,12418,0.73,7190,12.6,1727,4.25,4.25,4.25,NA,21.41176470588235
1726,90,12034,0.75,7250,12.39,1661,4.25,4.25,4.25,NA,21.176470588235293
1727,88,11961,0.74,7280,12.07,1642,4.25,4.25,4.25,NA,20.705882352941178
1728,96,12326,0.78,7220,13.28,1708,4.25,4.28,4.28,NA,22.429906542056074
1729,89,11641,0.76,7110,12.46,1638,4.25,4.3,4.3,NA,20.697674418604652
1730,85,11908,0.71,7030,12.07,1694,4.25,4.29,4.29,NA,19.813519813519815
1731,83,11719,0.71,7020,11.77,1669,4.25,4.26,4.26,NA,19.483568075117372
1732,85,12497,0.68,7050,12.07,1773,4.25,4.26,4.26,NA,19.953051643192488
1733,88,12774,0.69,7080,12.39,1804,4.25,4.2700000000000005,4.2700000000000005,NA,20.608899297423886
1734,88,12728,0.69,7140,12.27,1781,4.25,4.26,4.26,NA,20.657276995305164
1735,87,12426,0.7,7200,12.12,1726,4.25,4.28,4.28,NA,20.327102803738317
1736,93,13350,0.7,7250,12.84,1841,4.25,4.26,4.26,NA,21.83098591549296
1737,87,12635,0.69,7290,11.92,1734,4.25,4.26,4.26,NA,20.422535211267608
1738,87,12871,0.68,7310,11.92,1760,4.25,4.26,4.26,NA,20.422535211267608
1739,87,12785,0.68,7350,11.850000000000001,1739,4.25,4.25,4.25,NA,20.470588235294116
1740,93,12570,0.74,7390,12.53,1702,4.25,4.25,4.25,NA,21.88235294117647
1741,96,12937,0.75,7400,13.04,1748,4.25,4.2700000000000005,4.2700000000000005,NA,22.482435597189692
1742,96,13235,0.73,7320,13.16,1807,4.25,4.28,4.28,NA,22.429906542056074
1743,93,12924,0.72,7320,12.709999999999999,1766,4.25,4.3,4.3,NA,21.627906976744185
1744,91,12743,0.71,7360,12.370000000000001,1731,4.25,4.31,4.31,NA,21.11368909512761
1745,90,12931,0.7,7430,12.11,1739,4.25,4.29,4.29,NA,20.97902097902098
1746,95,13337,0.72,7480,12.76,1783,4.25,4.25,4.25,NA,22.352941176470587
1747,98,13945,0.7,7510,13.08,1856,4.25,4.28,4.28,NA,22.897196261682243
1748,99,13796,0.72,7530,13.16,1832,4.25,4.26,4.26,NA,23.23943661971831
1749,100,13714,0.73,7580,13.139999999999999,1810,4.25,4.25,4.25,NA,23.529411764705884
1750,101,13913,0.72,7640,13.17,1821,4.25,4.26,4.26,NA,23.708920187793428
1751,99,13612,0.73,7700,12.850000000000001,1769,4.25,4.25,4.25,NA,23.294117647058822
1752,107,14282,0.75,7750,13.739999999999998,1842,4.25,4.26,4.26,NA,25.11737089201878
1753,106,14409,0.73,7820,13.51,1842,4.25,4.2700000000000005,4.2700000000000005,NA,24.824355971896953
1754,102,14005,0.73,7880,12.93,1777,4.25,4.25,4.25,NA,24
1755,103,14429,0.71,7940,12.98,1818,4.25,4.25,4.25,NA,24.235294117647058
1756,106,14185,0.75,8e3,13.26,1772,4.25,4.25,4.25,NA,24.941176470588236
1757,120,15002,0.8,8040,14.91,1865,4.25,4.25,4.25,NA,28.235294117647058
1758,121,15211,0.79,8070,14.94,1885,4.25,4.3,4.3,NA,28.13953488372093
1759,114,15451,0.74,8100,14.11,1907,4.25,4.33,4.33,NA,26.32794457274827
1760,118,15900,0.74,8160,14.51,1949,4.25,4.3,4.3,NA,27.44186046511628
1761,120,16533,0.73,8220,14.66,2012,4.25,4.35,4.35,NA,27.586206896551726
1762,119,16073,0.74,8250,14.47,1947,4.25,4.319999999999999,4.319999999999999,NA,27.5462962962963
1763,125,16021,0.78,8250,15.219999999999999,1943,4.25,4.37,4.37,NA,28.60411899313501
1764,127,16014,0.79,8290,15.28,1931,4.25,4.26,4.26,NA,29.812206572769956
1765,127,15884,0.8,8360,15.19,1900,4.25,4.26,4.26,NA,29.812206572769956
1766,130,16096,0.81,8400,15.47,1915,4.25,4.31,4.31,NA,30.162412993039446
1767,135,16207,0.83,8430,16.01,1922,4.25,4.34,4.34,NA,31.10599078341014
1768,132,16356,0.81,8460,15.57,1933,4.25,4.319999999999999,4.319999999999999,NA,30.55555555555556
1769,134,17281,0.77,8520,15.709999999999999,2028,4.25,4.38,4.38,NA,30.593607305936075
1770,131,16808,0.78,8590,15.28,1958,4.25,4.37,4.37,NA,29.977116704805493
1771,140,17122,0.82,8650,16.16,1981,4.25,4.35,4.35,NA,32.18390804597701
1772,140,16685,0.84,8710,16.12,1915,4.25,4.35,4.35,NA,32.18390804597701
1773,143,16983,0.84,8790,16.279999999999998,1933,4.25,4.25,4.25,NA,33.64705882352941
1774,142,16605,0.86,8860,16.08,1875,4.25,4.24,4.24,NA,33.490566037735846
1775,148,17135,0.86,8950,16.52,1914,4.25,4.23,4.23,NA,34.98817966903073
1776,150,17690,0.85,9040,16.57,1957,4.25,4.23,4.23,NA,35.46099290780141
1777,158,18202,0.87,9130,17.330000000000002,1993,4.25,4.23,4.23,NA,37.35224586288416
1778,157,18075,0.87,9230,17.05,1958,4.25,4.23,4.23,NA,37.11583924349881
1779,152,18026,0.84,9320,16.34,1934,4.25,4.23,4.23,NA,35.9338061465721
1780,159,18849,0.84,9380,16.91,2010,4.25,4.23,4.23,NA,37.5886524822695
1781,183,19386,0.94,9480,19.29,2044,4.25,4.23,4.23,NA,43.26241134751773
1782,182,19193,0.95,9560,19.03,2007,4.25,4.23,4.23,NA,43.026004728132385
1783,177,19094,0.93,9590,18.51,1991,4.25,4.25,4.25,NA,41.64705882352941
1784,171,19170,0.89,9690,17.69,1979,4.25,4.25,4.25,NA,40.23529411764706
1785,171,19036,0.9,9780,17.45,1946,4.25,4.24,4.24,NA,40.33018867924528
1786,184,19369,0.95,9890,18.56,1959,4.25,4.23,4.23,NA,43.49881796690307
1787,179,19046,0.94,10010,17.93,1903,4.25,4.23,4.23,NA,42.31678486997635
1788,173,19003,0.91,10120,17.130000000000003,1878,4.25,4.23,4.23,NA,40.8983451536643
1789,174,19428,0.9,10250,17.02,1895,4.25,4.23,4.23,NA,41.13475177304964
1790,192,20903,0.92,10370,18.55,2015,4.25,4.23,4.23,NA,45.39007092198581
1791,194,20992,0.93,10510,18.479999999999997,1998,4.25,4.23,4.23,NA,45.862884160756494
1792,214,21836,0.98,10630,20.110000000000003,2054,4.25,4.23,4.23,NA,50.59101654846335
1793,208,21482,0.97,10750,19.37,1999,4.25,4.23,4.23,NA,49.17257683215129
1794,203,20786,0.98,10850,18.75,1916,4.25,4.23,4.23,NA,47.990543735224584
1795,248,23044,1.08,10980,22.59,2099,4.25,4.23,4.23,NA,58.62884160756501
1796,260,23458,1.11,11090,23.41,2114,4.25,4.23,4.23,NA,61.465721040189116
1797,260,23288,1.12,11240,23.16,2071,4.25,4.23,4.23,NA,61.465721040189116
1798,275,23511,1.17,11380,24.130000000000003,2067,4.25,4.25,4.25,NA,64.70588235294117
1799,304,24129,1.26,11510,26.39,2095,4.25,4.24,4.24,NA,71.69811320754717
1800,347,25305,1.37,11600,29.919999999999998,2182,4.25,4.26,4.26,NA,81.45539906103286
1801,370,25533,1.45,11680,31.64,2185,4.25,4.29,4.29,NA,86.24708624708624
1802,320,25831,1.24,11790,27.16,2191,4.25,4.31,4.31,NA,74.24593967517401
1803,316,25292,1.25,11930,26.479999999999997,2120,4.25,4.34,4.34,NA,72.8110599078341
1804,336,25270,1.33,12100,27.77,2089,4.25,4.359999999999999,4.359999999999999,NA,77.06422018348624
1805,367,26803,1.37,12280,29.88,2183,4.25,4.359999999999999,4.359999999999999,NA,84.17431192660551
1806,372,26700,1.39,12460,29.85,2143,4.25,4.42,4.42,NA,84.16289592760181
1807,398,28444,1.4,12640,31.47,2251,4.25,4.470000000000001,4.470000000000001,NA,89.0380313199105
1808,388,27121,1.43,12800,30.330000000000002,2118,4.25,4.52,4.52,NA,85.84070796460178
1809,425,27974,1.52,12980,32.720000000000006,2156,4.25,4.58,4.58,NA,92.7947598253275
1810,468,29777,1.57,13140,35.59,2265,4.25,4.63,4.63,NA,101.07991360691145
1811,448,29470,1.52,13320,33.6,2212,4.25,5.1899999999999995,5.1899999999999995,NA,86.31984585741812
1812,455,28258,1.61,13530,33.660000000000004,2089,4.25,5.48,5.48,NA,83.029197080291965
1813,490,29792,1.64,13740,35.64,2168,4.25,5.76,5.76,NA,85.06944444444444
1814,468,29134,1.61,13960,33.5,2087,4.25,5.21,5.21,NA,89.82725527831094
1815,483,32243,1.5,14190,34,2272,4.25,4.99,4.99,NA,96.79358717434869
1816,429,30556,1.4,14430,29.73,2118,4.25,4.359999999999999,4.359999999999999,NA,98.39449541284405
1817,445,31070,1.43,14660,30.37,2119,4.25,4.33,4.33,NA,102.77136258660508
1818,463,31040,1.49,14890,31.07,2085,4.25,4.44,4.44,NA,104.27927927927927
1819,432,30532,1.41,15100,28.6,2021,4.25,4.359999999999999,4.359999999999999,NA,99.08256880733946
1820,438,33011,1.33,15340,28.57,2153,4.25,4.25,4.25,NA,103.05882352941177
1821,420,33573,1.25,15590,26.93,2154,4.25,4.25,4.25,NA,98.82352941176471
1822,400,34220,1.17,15840,25.23,2160,4.25,4.24,4.24,NA,94.33962264150944
1823,418,35227,1.19,16100,25.959999999999997,2188,4.25,4.23,4.23,NA,98.81796690307327
1824,449,37156,1.21,16340,27.51,2275,4.25,4.23,4.23,NA,106.1465721040189
1825,497,37994,1.31,16560,29.979999999999997,2294,4.25,4.24,4.24,NA,117.21698113207546
1826,435,35967,1.21,16780,25.95,2143,4.25,4.23,4.23,NA,102.8368794326241
1827,453,38736,1.17,17e3,26.650000000000002,2279,4.25,4.23,4.23,NA,107.09219858156027
1828,453,38855,1.17,17240,26.259999999999998,2254,4.25,4.23,4.23,NA,107.09219858156027
1829,438,39184,1.12,17470,25.07,2243,4.25,4.24,4.24,NA,103.30188679245282
1830,455,40940,1.11,17700,25.68,2313,4.25,4.24,4.24,NA,107.31132075471697
1831,447,42193,1.06,17940,24.939999999999998,2352,4.25,4.25,4.25,NA,105.17647058823529
1832,445,42415,1.05,18140,24.54,2338,4.25,4.24,4.24,NA,104.95283018867924
1833,435,42890,1.02,18340,23.74,2339,4.25,4.24,4.24,NA,102.5943396226415
1834,461,44376,1.04,18560,24.82,2391,4.25,4.24,4.24,NA,108.72641509433961
1835,486,47061,1.03,18800,25.86,2503,4.25,4.24,4.24,NA,114.62264150943396
1836,526,48297,1.09,19030,27.630000000000003,2537,4.25,4.24,4.24,NA,124.0566037735849
1837,511,47884,1.07,19240,26.54,2488,4.25,4.24,4.24,NA,120.5188679245283
1838,537,50202,1.07,19460,27.57,2580,4.25,4.24,4.24,NA,126.65094339622641
1839,558,51297,1.09,19720,28.3,2601,4.25,4.25,4.25,NA,131.2941176470588
1840,536,51514,1.04,19970,26.830000000000002,2579,4.25,4.24,4.24,NA,126.41509433962264
1841,522,50099,1.04,20200,25.85,2480,4.25,4.24,4.24,NA,123.11320754716981
1842,495,49659,1,20410,24.25,2433,4.25,4.24,4.24,NA,116.74528301886792
1843,497,51325,0.97,20620,24.08,2489,4.25,4.24,4.24,NA,117.21698113207546
1844,536,55057,0.97,20840,25.71,2642,4.25,4.24,4.24,NA,126.41509433962264
1845,571,57728,0.99,21050,27.12,2742,4.25,4.24,4.24,NA,134.66981132075472
1846,588,60512,0.97,21260,27.67,2846,4.25,4.24,4.24,NA,138.67924528301887
1847,617,60063,1.03,21480,28.72,2796,4.25,4.24,4.24,NA,145.5188679245283
1848,586,61584,0.95,21690,27.01,2839,4.25,4.24,4.24,NA,138.2075471698113
1849,594,62349,0.95,21910,27.1,2846,4.25,4.24,4.24,NA,140.0943396226415
1850,548,61864,0.89,22120,24.75,2796,4.25,4.24,4.24,NA,129.24528301886792
1851,565,64512,0.88,22340,25.279999999999998,2888,4.25,4.24,4.24,NA,133.25471698113208
1852,587,66499,0.88,22560,25.99,2947,4.25,4.24,4.24,NA,138.44339622641508
1853,661,68597,0.96,22790,29.01,3010,4.25,4.24,4.24,NA,155.89622641509433
1854,719,71217,1.01,23020,31.259999999999998,3094,4.25,4.24,4.24,NA,169.5754716981132
1855,721,70589,1.02,23240,31.01,3037,4.25,4.24,4.24,NA,170.04716981132074
1856,760,73856,1.03,23470,32.379999999999995,3147,4.25,4.24,4.24,NA,179.24528301886792
1857,752,74387,1.01,23690,31.759999999999998,3140,4.25,4.24,4.24,NA,177.35849056603772
1858,715,74434,0.96,23910,29.88,3113,4.25,4.24,4.24,NA,168.6320754716981
1859,767,77315,0.99,24140,31.779999999999998,3203,4.25,4.24,4.24,NA,180.89622641509433
1860,784,79233,0.99,24360,32.17,3253,4.25,4.24,4.24,NA,184.9056603773585
1861,818,80311,1.02,24590,33.27,3267,4.25,4.24,4.24,NA,192.9245283018868
1862,820,79900,1.03,24860,33,3214,4.25,4.24,4.24,NA,193.39622641509433
1863,894,84167,1.06,25140,35.56,3348,4.25,4.24,4.24,NA,210.84905660377356
1864,943,85119,1.11,25430,37.1,3348,4.25,4.24,4.24,NA,222.4056603773585
1865,960,88663,1.08,25710,37.339999999999996,3448,4.25,4.24,4.24,NA,226.41509433962264
1866,992,89714,1.11,26e3,38.14,3450,4.25,4.24,4.24,NA,233.96226415094338
1867,980,90112,1.09,26300,37.27,3427,4.25,4.24,4.24,NA,231.1320754716981
1868,991,93652,1.06,26590,37.28,3522,4.25,4.24,4.24,NA,233.72641509433961
1869,1017,96097,1.06,26900,37.82,3573,4.25,4.24,4.24,NA,239.85849056603772
1870,1087,103649,1.05,27200,39.96,3811,4.25,4.24,4.24,NA,256.3679245283019
1871,1167,109501,1.07,27520,42.4,3979,4.25,4.24,4.24,NA,275.23584905660374
1872,1232,109985,1.12,27850,44.21,3949,4.25,4.24,4.24,NA,290.566037735849
1873,1288,110954,1.16,28200,45.690000000000005,3935,4.25,4.24,4.24,NA,303.77358490566036
1874,1285,115576,1.11,28550,45.02,4049,4.25,4.24,4.24,NA,303.066037735849
1875,1255,116933,1.07,28900,43.44,4047,4.25,4.24,4.24,NA,295.99056603773585
1876,1239,117627,1.05,29250,42.349999999999994,4021,4.25,4.24,4.24,NA,292.21698113207543
1877,1223,118563,1.03,29620,41.290000000000006,4003,4.25,4.24,4.24,NA,288.4433962264151
1878,1200,118744,1.01,29980,40.01,3960,4.25,4.24,4.24,NA,283.0188679245283
1879,1153,116662,0.99,30350,37.99,3843,4.25,4.24,4.24,NA,271.9339622641509
1880,1239,125120,0.99,30730,40.309999999999995,4072,4.25,4.24,4.24,NA,292.21698113207543
1881,1259,128251,0.98,31090,40.48,4125,4.25,4.24,4.24,NA,296.9339622641509
1882,1297,130396,0.99,31400,41.290000000000006,4152,4.25,4.24,4.24,NA,305.8962264150943
1883,1304,134409,0.97,31720,41.11,4238,4.25,4.24,4.24,NA,307.5471698113207
1884,1267,133016,0.95,32030,39.54,4152,4.25,4.24,4.24,NA,298.8207547169811
1885,1240,131811,0.94,32350,38.309999999999995,4074,4.25,4.24,4.24,NA,292.45283018867923
1886,1249,132424,0.94,32680,38.220000000000006,4052,4.25,4.24,4.24,NA,294.5754716981132
1887,1300,138136,0.94,33e3,39.379999999999995,4185,4.25,4.24,4.24,NA,306.60377358490564
1888,1348,142801,0.94,33340,40.44,4284,4.25,4.24,4.24,NA,317.92452830188677
1889,1421,147491,0.96,33670,42.2,4380,4.25,4.24,4.24,NA,335.14150943396226
1890,1455,148865,0.98,34010,42.78,4377,4.25,4.24,4.24,NA,343.16037735849056
1891,1455,153005,0.95,34360,42.339999999999996,4453,4.25,4.25,4.25,NA,342.3529411764706
1892,1422,149441,0.95,34740,40.93,4302,4.25,4.25,4.25,NA,334.5882352941176
1893,1422,148200,0.96,35120,40.48,4220,4.25,4.25,4.25,NA,334.5882352941176
1894,1499,155432,0.96,35510,42.220000000000006,4378,4.25,4.24,4.24,NA,353.53773584905656
1895,1533,160676,0.95,35900,42.71,4476,4.25,4.24,4.24,NA,361.55660377358487
1896,1585,167464,0.95,36290,43.660000000000004,4614,4.25,4.25,4.25,NA,372.94117647058823
1897,1624,169594,0.96,36690,44.260000000000005,4622,4.25,4.25,4.25,NA,382.11764705882354
1898,1714,177625,0.97,37100,46.21,4788,4.25,4.25,4.25,NA,403.29411764705884
1899,1818,184248,0.99,37510,48.47,4912,4.25,4.24,4.24,NA,428.77358490566036
1900,1889,183867,1.03,37920,49.8,4848,4.25,4.25,4.25,NA,444.47058823529414
1901,1904,187986,1.01,38330,49.67,4905,4.25,4.25,4.25,NA,448
1902,1914,190833,1,38700,49.449999999999996,4932,4.25,4.24,4.24,NA,451.4150943396226
1903,1888,188778,1,39070,48.32,4832,4.25,4.25,4.25,NA,444.2352941176471
1904,1890,191093,0.99,39440,47.92,4845,4.25,4.25,4.25,NA,444.70588235294116
1905,1959,197204,0.99,39820,49.190000000000005,4952,4.25,4.24,4.24,NA,462.0283018867924
1906,2037,202232,1.01,40210,50.67,5030,4.25,4.25,4.25,NA,479.29411764705884
1907,2111,206625,1.02,40590,52,5090,4.25,4.25,4.25,NA,496.70588235294116
1908,2011,198330,1.01,40980,49.07,4839,4.25,4.25,4.25,NA,473.1764705882353
1909,2054,203187,1.01,41380,49.64,4910,4.25,4.24,4.24,NA,484.4339622641509
1910,2141,208844,1.03,41770,51.260000000000005,5e3,4.25,4.24,4.24,NA,504.95283018867923
1911,2227,216075,1.03,42130,52.87,5128,4.25,4.24,4.24,NA,525.2358490566038
1912,2322,219708,1.06,42340,54.839999999999996,5189,4.25,4.24,4.24,NA,547.6415094339623
1913,2420,229395,1.06,42600,56.809999999999995,5384,4.25,4.24,4.24,NA,570.754716981132
1914,2448,233889,1.05,43020,56.91,5437,4.25,4.24,4.24,NA,577.3584905660377
1915,2932,246605,1.19,43280,67.74000000000001,5698,4.25,4.24,4.24,NA,691.5094339622641
1916,3396,249259,1.36,43450,78.16,5736,4.25,4.24,4.24,NA,800.9433962264151
1917,4201,247709,1.7,43560,96.44000000000001,5687,4.25,4.24,4.24,NA,990.8018867924528
1918,4984,252312,1.98,43520,114.53,5798,4.25,4.24,4.24,NA,1175.4716981132076
1919,5350,232409,2.3,43440,123.16,5350,4.25,4.5,4.5,NA,1188.888888888889
1920,5843,218765,2.67,43730,133.60999999999999,5003,4.25,5.6499999999999995,5.6499999999999995,NA,1034.1592920353983
1921,4800,197521,2.43,43960,109.16999999999999,4493,4.25,5.35,5.35,NA,897.1962616822431
1922,4361,208008,2.1,44390,98.25,4686,4.25,4.67,4.67,NA,933.8329764453962
1923,4163,214171,1.94,44630,93.27,4799,4.25,4.51,4.51,NA,923.059866962306
1924,4272,224279,1.9,44930,95.06,4991,4.25,4.6899999999999995,4.6899999999999995,NA,910.8742004264393
1925,4411,232171,1.9,45090,97.83,5150,4.25,4.2700000000000005,4.2700000000000005,NA,1033.0210772833723
1926,4255,224928,1.89,45260,94.01,4969,4.25,4.25,4.25,NA,1001.1764705882352
1927,4500,242226,1.86,45430,99.06,5332,4.25,4.25,4.25,NA,1058.8235294117646
1928,4500,244388,1.84,45630,98.63,5356,4.25,4.25,4.25,NA,1058.8235294117646
1929,4591,251361,1.83,45730,100.39,5497,4.25,4.25,4.25,NA,1080.235294117647
1930,4515,249361,1.81,45890,98.4,5434,4.25,4.25,4.25,NA,1062.3529411764705
1931,4224,237793,1.78,46070,91.66999999999999,5161,4.25,4.63,4.63,NA,912.3110151187905
1932,4133,237955,1.74,46340,89.19,5136,4.25,5.9,5.9,NA,700.5084745762712
1933,4206,245523,1.71,46520,90.42,5278,4.25,6.24,6.24,NA,674.0384615384615
1934,4421,260172,1.7,46670,94.73,5575,4.25,6.88,6.88,NA,642.5872093023256
1935,4619,269794,1.71,46870,98.55,5756,4.25,7.109999999999999,7.109999999999999,NA,649.648382559775
1936,4881,282660,1.73,47080,103.66,6004,4.25,7.01,7.01,NA,696.2910128388017
1937,5220,292552,1.78,47290,110.39,6187,4.25,7.04,7.04,NA,741.4772727272727
1938,5384,294823,1.83,47490,113.35,6208,4.25,7.13,7.13,NA,755.1192145862552
1939,5791,307796,1.88,47760,121.26,6444,4.25,7.72,7.72,NA,750.1295336787565
1940,7030,338338,2.08,48230,145.76999999999998,7016,4.25,8.4,8.4,NA,836.9047619047618
1941,8470,367798,2.3,48220,175.67,7628,4.25,8.4,8.4,NA,1008.3333333333333
1942,9281,374393,2.48,48400,191.75,7735,4.25,8.4,8.4,NA,1104.8809523809523
1943,9878,380826,2.59,48790,202.47,7806,4.25,8.4,8.4,NA,1175.952380952381
1944,9964,364069,2.74,49020,203.26999999999998,7428,4.25,8.4,8.4,NA,1186.1904761904761
1945,9697,347419,2.79,49180,197.16,7064,4.25,8.4,8.4,NA,1154.404761904762
1946,9756,338878,2.88,49220,198.23,6885,NA,8.4,8.4,NA,1161.4285714285713
1947,10544,334554,3.15,49540,212.84,6753,NA,8.4,8.4,NA,1255.2380952380952
1948,11581,345311,3.35,50030,231.47,6902,NA,8.4,8.4,NA,1378.6904761904761
1949,12348,356984,3.46,50330,245.34,7093,NA,8.4,8.4,NA,1470
1950,12926,368800,3.5,50570,255.6,7293,NA,34.71,34.71,0.35714,372.39988475943534
1951,14518,382582,3.79,50300,288.62,7606,NA,34.71,12.3963294,0.35714,1171.1531318294913
1952,15773,388696,4.06,50440,312.68,7705,NA,34.71,12.3963294,0.35714,1272.392777816956
1953,16921,410131,4.13,50590,334.45,8106,NA,34.71,12.3963294,0.35714,1365.0008364572823
1954,17855,427782,4.17,50760,351.71999999999997,8427,NA,34.96,12.485614400000001,0.35714,1430.045765308914
1955,19415,444118,4.37,50950,381.09,8717,NA,35.01,12.5034714,0.35714,1552.7687774772692
1956,21088,451340,4.67,51180,412,8818,NA,35,12.4999,0.35714,1687.0534964279714
1957,22365,459964,4.86,51430,434.86,8943,NA,34.949999999999996,12.482042999999999,0.35714,1791.7739908442875
1958,23500,465818,5.04,51650,454.96,9018,NA,35.1,12.535614,0.35714,1874.65887191485
1959,24655,484978,5.08,51960,474.53,9334,NA,35.09,12.532042600000002,0.35714,1967.3568616819093
1960,26476,515374,5.14,52370,505.53,9841,NA,35.28,12.599899200000001,0.35714,2101.2866515630535
1961,28142,529152,5.32,52810,532.92,10020,NA,35.15,12.553471,0.35714,2241.7704234948246
1962,29460,534988,5.51,53290,552.8199999999999,10039,NA,35.1,12.535614,0.35714,2350.104270919637
1963,31324,561064,5.58,53620,584.14,10463,NA,35.09,12.532042600000002,0.35714,2499.512729074189
1964,34238,592129,5.78,53990,634.15,10967,NA,35.09,12.532042600000002,0.35714,2732.0366753301646
1965,37036,604795,6.12,54350,681.43,11128,NA,35.13,12.546328200000001,0.35714,2951.9393570463108
1966,39573,614312,6.44,54650,724.1800000000001,11242,NA,35.17,12.5606138,0.35714,3150.5625943216246
1967,41901,631429,6.64,54960,762.37,11489,NA,35.190000000000005,12.742299000000001,0.3621,3288.339097991657
1968,46008,665784,6.91,55210,833.2800000000001,12058,NA,38.690000000000005,16.120962300000002,0.41667,2853.92392487637
1969,49910,678594,7.35,55460,899.9399999999999,12236,NA,41.09,17.1209703,0.41667,2915.138518755564
1970,56177,696970,8.06,55630,1009.8499999999999,12529,NA,35.94,14.975119799999998,0.41667,3751.3556318928418
1971,62948,721255,8.73,55930,1125.52,12896,NA,40.8,16.696924,0.4092383333333333,3770.035726340972
1972,70663,752283,9.39,56100,1259.6599999999999,13410,NA,58.160000000000004,23.294776333333335,0.40052916666666666,3033.4268502456393
1973,81895,801247,10.22,56220,1456.61,14251,NA,97.32,39.7428117,0.4083725,2060.624210943787
1974,92743,781509,11.87,56240,1649.1899999999998,13897,NA,159.26,68.11457298333333,0.42769416666666665,1361.573536146118
1975,115176,769950,14.96,56230,2048.46,13694,NA,161.02,72.79741036666667,0.4521016666666667,1582.1441919414503
1976,136949,792356,17.28,56220,2436.12,14095,NA,124.84,69.49281020000001,0.556655,1970.6930775408473
1977,159701,811714,19.67,56190,2842.17,14446,NA,147.70999999999998,84.67709624166666,0.5732658333333334,1885.999958527353
1978,185968,845821,21.99,56180,3310.34,15056,NA,193.22,100.74877239999999,0.52142,1845.8587193663911
1979,220845,877467,25.17,56240,3926.82,15602,NA,306.68,144.7514266,0.471995,1525.6844453096396
1980,259962,859674,30.24,56330,4615.01,15261,NA,612.56,263.64174026666666,0.43039333333333335,986.0426491535646
1981,289899,853046,33.98,56360,5143.929999999999,15136,NA,460.03,229.0079176583333,0.4978108333333333,1265.8907297367452
1982,319211,870197,36.68,56290,5670.76,15459,NA,375.67,215.16123580000001,0.57274,1483.58973126887
1983,351110,906936,38.71,56320,6234.67,16104,NA,424.35,280.12262925,0.6601216666666666,1253.4153379184736
1984,377578,927580,40.71,56410,6693.54,16444,NA,360.47999999999996,271.132028,0.7521416666666667,1392.5982953220118
1985,415432,966495,42.98,56550,7345.76,17090,NA,317.28,247.22827759999996,0.7792116666666666,1680.3579430025527
1986,447575,996691,44.91,56680,7895.99,17583,NA,367.51,250.69235262499998,0.6821375,1785.3556174069195
1987,496692,1049581,47.32,56800,8743.96,18477,NA,446.46999999999997,273.0986298916667,0.6116841666666667,1818.7275424890588
1988,556164,1109907,50.11,56920,9771.59,19501,NA,437.05,245.6665334166667,0.5621016666666667,2263.898107182182
1989,614358,1138425,53.97,57080,10763.78,19946,NA,381.42999999999995,233.09155514166662,0.6110991666666666,2635.693942779738
1990,668428,1146756,58.29,57240,11678.15,20035,NA,383.46999999999997,215.90767056666664,0.5630366666666666,3095.8974187700614
1991,704626,1134296,62.12,57440,12267.449999999999,19748,NA,362.18,205.23080608333333,0.5666541666666667,3433.3344659470313
1992,728864,1138538,64.02,57580,12657.28,19772,NA,343.72999999999996,195.84389124166665,0.5697608333333334,3721.6580786816544
1993,766813,1167308,65.69,57710,13286.44,20226,NA,359.77,239.593328625,0.6659625,3200.4772603672072
1994,806161,1212600,66.48,57860,13932.44,20957,NA,384.01,250.8084513,0.65313,3214.2497424687062
1995,846128,1242548,68.1,58020,14582.19,21414,NA,384.16,243.40889813333337,0.6336133333333334,3476.158868836882
1996,903029,1274093,70.88,58160,15525.449999999999,21905,NA,387.69,248.42819817499998,0.6407908333333333,3634.969808716643
1997,948257,1325543,71.54,58310,16261.140000000001,22731,NA,331.1,202.16469350000003,0.610585,4690.517338033606
1998,989333,1367136,72.37,58470,16918.91,23380,NA,294.16,177.52310866666667,0.6034916666666666,5572.981497623841
1999,1029522,1411112,72.96,58680,17543.36,24046,NA,278.64000000000004,172.2322602,0.6181175,5977.521277398878
2e3,1089131,1462818,74.45,58890,18495.58,24842,NA,279.03,184.43650474999998,0.6609916666666666,5905.181306034266
2001,1126463,1500034,75.1,59110,19056.1,25376,NA,271.04,188.23976453333333,0.6945091666666666,5984.192568412011
2002,1179882,1536903,76.77,59370,19874.829999999998,25889,NA,309.68,206.47191413333334,0.6667266666666667,5714.491508215823
2003,1248517,1588019,78.62,59640,20935.4,26628,NA,363.32,222.4293482666667,0.6122133333333334,5613.094718522371
2004,1310091,1625567,80.59,59950,21852.940000000002,27115,NA,409.17,223.34919522500002,0.5458591666666667,5865.662505209503
2005,1386386,1675896,82.73,60410,22948.38,27741,NA,444.45,244.50416737499998,0.5501275,5670.193743052557
2006,1463435,1717055,85.23,60830,24058.95,28228,NA,603.7700000000001,328.0820771583334,0.5433891666666667,4460.575879900144
2007,1536565,1757521,87.43,61320,25058.51,28662,NA,695.39,347.4997113083333,0.49971916666666666,4421.77345763784
2008,1572467,1749216,89.9,61820,25434.649999999998,28294,NA,871.9599999999999,475.7232101666666,0.5455791666666666,3305.4241760646833
2009,1529536,1675963,91.26,62260,24566.73,26919,NA,972.3499999999999,623.4149098749999,0.6411425,2453.4799790186044
2010,1579877,1704364,92.7,62760,25173.54,27157,NA,1224.53,792.47601877499994,0.6471675,1993.5959733420768
2011,1635062,1729121,94.56,63290,25836.43,27323,NA,1571.52,980.1596431999999,0.6237016666666666,1668.1588671228003
2012,1685225,1754736,96.04,63700,26453.58,27545,NA,1668.98,1052.90524015,0.6308675,1600.5476425968948
2013,1752554,1790750,97.87,64110,27338.54,27934,NA,1411.23,902.5768430249999,0.6395675,1941.7227613842704
2014,1837062,1845444,99.55,64600,28438.920000000002,28569,NA,1266.4,769.3137273333334,0.6074808333333334,2387.9230731626158
2015,1888737,1888737,100,65110,29008.4,29008,NA,1160.06,759.2061005833333,0.6544541666666667,2487.7790082940533
2016,1963311,1925299,101.97,65650,29906.59,29328,NA,1250.74,926.5554879833334,0.7408058333333334,2118.935158727715
2017,2037638,1959707,103.98,66050,30849.460000000003,29670,NA,1257.12,976.0269203999999,0.7763991666666666,2087.6862691091815
